phaaga	translations
"
Umun "	"斜褘胁褕 邪屑邪
斜芯谐懈薪褟 胁械褋薪褘"
abaz	锌械褋芯泻
abazanna	"锌褍褋褌褘薪褟
锌械褋泻懈"
abun	芯褌械褑
"abunanna
umunanna"	锌褉械写泻懈
acela	锌褔械谢邪
"acelagorgo
aclagorg
clagorg
clagor"	"屑械写胁械写褜
锌褔械谢芯胁芯谢泻"
acu	邪
ahan	谢械褌邪褌褜
ahun	锌芯谢械褌
ak	"泻
胁 (薪邪锌褉邪胁谢械薪懈械)"
am	写邪
Amala	斜邪褉写-卸械薪褖懈薪邪
aman	"懈屑械薪芯胁邪褌褜
懈屑械薪芯胁邪褌褜褋褟
薪邪蟹褘胁邪褌褜"
amant	薪邪蟹胁邪薪薪褘泄
amanu	薪邪蟹褘胁邪褞褖懈泄
amil	懈屑褟
"amunanna
amilanna"	"懈屑械薪芯褋谢芯胁
芯薪芯屑邪褋褌懈泻芯薪"
"amunun
amun"	锌褉芯褑械褋褋 懈屑械薪芯胁邪薪懈褟
an (?)	斜褘褌褜
ant	斜褘胁褕懈泄 been
anu 	褋褍褖械褋褌胁褍褞褖懈泄
anzeu	写芯卸写谢懈胁褘泄
anzew	写芯卸写褜
Anzu	"邪薪蟹褍 斜褘胁褕
谐谐
"
anzunu	写芯卸写械胁芯泄
anzus	褉卸邪薪泻邪
apaga	斜褍写褍褖械械
apagu	斜褍写褍褖懈泄
araelk	胁芯褋褌芯泻
arel	褋芯谢薪褑械
argest	褉械屑械褋谢芯
auruk	蟹邪锌邪写
awa	薪芯
awsar	泻芯褉芯薪邪
awsaran	泻芯褉芯薪芯胁邪褌褜
awsarant	"褑邪褉褜
泻芯褉芯谢褜"
awsarant	泻芯褉芯薪芯胁邪薪薪褘泄
awsaranu	泻芯褉芯薪褍褞褖懈泄
awsaretha	褋褌褉邪薪邪
awsaretha	褑邪褉褋褌胁芯
awsarun	泻芯褉芯薪邪褑懈褟
awtep	褉邪写芯褋褌褜
awtepan	褉邪写芯胁邪褌褜
awtepan mo	褉邪写芯胁邪褌褜褋褟
awtepu	褉邪写芯褋褌薪褘泄
az	懈蟹
azahar	屑懈褉 (胁褋械谢械薪薪邪褟)
Azahar	袟械屑谢褟 泻邪泻 锌谢邪薪械褌邪
azun	胁褘褏芯写
Banti	"褎芯褉褌
谐芯褉芯写"
bayuk	褋芯泻芯谢
bemor	斜芯谢械蟹薪褜
biiril	斜褍泻胁邪
biirilanna	邪谢褎邪胁懈褌
bundi	褋芯胁邪
bundi	"bad omen
锌谢芯褏芯械 锌褉械写蟹薪邪屑械薪芯胁邪薪懈械"
butum	蟹写邪薪懈械
buxt	芯斜懈写邪
buxtan	芯斜懈卸邪褌褜
buxtuu	芯斜懈写褔懈泻
buzur	褉褍泻邪
bwawa	谐褉褟蟹褜
bwawu	谐褉褟蟹薪褘泄
campa	泻谢褞胁
campus	泻褍谢懈泻
camran	锌械褌褜
camren	锌械褋薪褟
"camrenen
camrene"	锌械褋薪懈
camrun	锌械薪懈械
camruu	锌械胁械褑
cap	胁芯谢芯褋
capeku	胁芯谢芯褋邪褌褘泄
capena	"胁芯谢芯褋褘
锌褉懈褔械褋泻邪"
cara	蟹薪邪薪懈械
cara	褌械锌谢芯
caran	蟹薪邪褌褜
caranna	"胁褋械 蟹薪邪薪懈褟 写芯褋褌褍锌薪褘械 薪邪褍泻械
胁褋械 褔褌芯 屑褘 蟹薪邪械屑"
carant	"蟹薪邪械屑褘泄
懈蟹胁械褋褌薪褘泄"
caranu	蟹薪邪褞褖懈泄
"caran煤
caranuu"	"蟹薪邪褞褖懈泄
褍褔械薪褘泄
蟹薪邪褌芯泻
褝泻褋锌械褉褌"
carem	褎邪泻褌
caren	蟹薪邪薪懈褟
carsa	"褋谢邪胁邪
锌芯锌褍谢褟褉薪芯褋褌褜
懈蟹胁械褋褌薪芯褋褌褜"
carsan	褋谢邪胁懈褌褜
carsu	蟹薪邪屑械薪懈褌褘泄
car煤	褌械锌谢褘泄
carun	锌芯蟹薪邪薪懈械
caruu	懈褋褋谢械写芯胁邪褌械谢褜
"casir
mewet
kiswa"	芯褋褌褉芯胁
chaka	褋芯斜邪泻邪
charo	"斜褘褋褌褉芯
泻芯褉芯褌泻芯"
charu	斜褘褋褌褉褘泄
charus	褋褌褉懈卸
"cheku
chekucheku"	锌芯锌褍谐邪泄
chil	芯蟹械褉芯
chodad	"褉邪蟹写械谢械薪懈械
褉邪蟹谢褍泻邪"
chodadan	写械谢懈褌褜
chodadant	褉邪蟹写械谢械薪薪褘泄
chomna	锌芯屑芯褖褜
chomnan	锌芯屑芯褖薪懈泻
chomnuu	锌芯屑芯谐邪褌褜
cidan	懈褋泻邪褌褜
cidant	薪邪泄写械薪薪褘泄
cidun	锌芯懈褋泻
ciduu	懈褋泻邪褌械谢褜
Cinasa	效懈薪邪褋邪
cis	10
cisdet	11
cisex	13
ciskou	15
cislem	14
cismen	12
cisnup	19
cissekh	16
cisush	18
"ciszep
cizzep"	17
ckor	褋锌邪褋懈斜芯
ckoran	斜谢邪谐芯写邪褉懈褌褜
cu	薪芯
dahman	谢械褔懈褌褜
damir	褋芯胁械褋褌褜
Demara	锌懈胁芯-懈薪卸械薪械褉
demur	褉邪泄
det	1
detu	锌械褉胁褘泄
din	"褋褍卸写械薪懈械
褋褍写"
dinan	褋褍写懈褌褜
dinant	芯褋褍卸写械薪薪褘泄
dinun	蟹邪褋械写邪薪懈械 褋褍写邪
dinuu	褋褍写褜褟
donap	褏胁芯褋褌
"doro
dor贸"	写邪谢械泻芯
dor煤	写邪谢械泻懈泄
dowsa	谐芯谢芯褋
dowsanna	褏芯褉
dowsen	谐芯谢芯褋邪
du	"胁褋械
胁褋褢"
dug	写芯斜褉芯
dugan	褍谢褍褔褕邪褌褜
dugmol	斜谢邪谐芯褋谢芯胁械薪懈械
dugmolan	斜谢邪谐芯褋谢邪胁谢褟褌褜
dugo	褏芯褉芯褕芯
dugu	褏芯褉芯褕懈泄
dumo	写芯谢谐芯
dumu	写芯谢谐懈泄
dux	褕邪谐
duxan	懈写褌懈
duxan	褕邪谐邪褌褜
duxant	褍褕械写褕懈泄
duxanta	锌褉芯褕谢芯械
duxantu	锌褉芯褕谢褘泄
duxanu	懈写褍褖懈泄
duxanu	"褕邪谐邪褞褖懈泄
屑邪褉褕懈褉褍褞褖懈泄"
duxun	褕邪谐邪薪懈械
dwenta	褌褜屑邪
dwentu	褌褢屑薪褘泄
Dwentu	褌邪屑褌褍 斜褘胁褕
"e
el (锌械褉械写 谐谢邪褋)"	"褉芯写懈褌械谢褜薪褘泄 锌邪写械卸
of
de"
e 	芯褌
egisto	懈褋泻褍褋褋褌胁芯
egistuu	褏褍写芯卸薪懈泻 胁 褕懈褉芯泻芯屑 褋屑褘褋谢械
ekem	褖懈褌
ekman	蟹邪褖懈褖邪褌褜
ekm茅	蟹邪褖懈褌邪
ek煤	"斜芯谢褜褕芯泄
褍胁械谢懈褔械薪薪褘泄"
"ekuthok
ekurgest"	斜芯谢褜褕芯泄 邪胁褌芯屑邪褌芯薪
emil	"屑邪谢械薪褜泻芯褋褌褜
屑械褉邪"
emu	屑邪谢械薪褜泻懈泄
ena	褋邪屑
eno	邪胁褌芯- (锌褉懈褋褌邪胁泻邪)
"enothokuu
enothok
enorgestu"	褉芯斜芯褌
epe	写谢褟
epe	锌芯褌芯屑褍 褔褌芯
erax	褉芯褌
"erimil
ermil"	褔械谢芯胁械泻
erimilanna	褔械谢芯胁械褔械褋褌胁芯
脡rkir	"锌芯褔胁邪
蟹械屑谢褟 胁 蟹薪邪褔械薪懈懈 锌芯谢"
ertep	胁褘褋芯褌邪
ertepo	胁褘褋芯泻芯
ertepu	胁褘褋芯泻懈泄
eshan	薪邪锌芯谢薪褟褌褜
eshant	"锌芯谢薪褘泄
薪邪锌芯谢薪械薪薪褘泄"
eshil	薪邪锌芯谢薪懈褌械谢褜
eshun	薪邪锌芯谢薪械薪懈械
Etelu	协褌械谢褍
ethan	"泻谢邪褋褌褜
谢芯卸懈褌褜
褋褌邪胁懈褌褜 薪邪 屑械褋褌芯"
ethant	褉邪褋锌芯谢芯卸械薪薪褘泄
ethanu	"泻谢邪写褍褖懈泄
褉邪褋锌芯谢邪谐邪褞褖懈泄"
etho	屑械褋褌芯
ex	3
excis	30
ezbo	褋懈谢褜薪芯
ezuba	褋懈谢邪
ezubew	褌褟卸械褋褌褜
ezubewu	"褌褟卸械谢褘泄
褋谢芯卸薪褘泄"
ezubu	褋懈谢褜薪褘泄
ganlam	谐褉褍褋褌褜
ganlan	谐褉褍褋褌懈褌褜
"ganlu
ganl煤"	谐褉褍褋褌薪褘泄
ge	褟
gen	屑褘
genu	薪邪褕
ger茅	"褋锌芯泻芯泄褋褌胁懈械
锌芯泻芯泄"
gereg	谢芯卸褜
gerego	薪械锌褉邪胁懈谢褜薪芯
geregu	"薪械胁械褉薪褘泄
谢卸懈胁褘泄"
geregu	"薪械锌褉邪胁懈谢褜薪褘泄
泻褉懈胁芯泄
泻芯褋芯泄"
gerehan	褍褋锌芯泻邪懈胁邪褌褜
gerehant	褍褋锌芯泻芯械薪薪褘泄
gereu	褋锌芯泻芯泄薪褘泄
gerex	胁械褔薪芯褋褌褜
gerexu	胁械褔薪褘泄
geshex	薪芯褔褜
geshexu	薪芯褔薪芯泄
gibil	薪芯胁芯褋褌褜
gibilu	薪芯胁褘泄
gigu	褔械褉薪褘泄
giran	褔懈褌邪褌褜
girant	锌褉芯褔褌械薪薪褘泄
giranu	褔懈褌邪褞褖懈泄
girun	"褔褌械薪懈械
褋褔懈褌褘胁邪薪懈械"
giruu	褔褌械褑
gizi	写械胁褍褕泻邪
gorgo	胁芯谢泻
"gorgou
gorgu"	胁芯谢褔懈泄
"gorongo
goronga"	卸褍褉邪胁谢褜
hemel	锌褘谢褜
hemelu	锌褘谢褜薪褘泄
hemet	屑褘褋谢褜
hemetan	"写褍屑邪褌褜
屑褘褋谢懈褌褜"
hi	懈
hisan	懈屑械褌褜
hloupu	谐谢褍锌褘泄
hlowpa	谐谢褍锌芯褋褌褜
hokom	芯褉械谢
hona	谐芯谢褍斜褜
hul	"锌谢芯褏芯褋褌褜
蟹谢芯
褍褏褍写褕械薪懈械"
hulan	褍褏褍写褕邪褌褜
hul煤	锌谢芯褏芯泄
huluu	蟹谢芯写械泄
i	胁 (胁薪褍褌褉懈)
ida	褉械泻邪
"igi
yeret"	谐谢邪蟹
ihun	胁褏芯写
Imsar	袠屑褋邪褉
inil	"褌芯 褔褌芯 胁薪褍褌褉懈
胁薪褍褌褉械薪薪芯褋褌褜
泻芯薪褌械薪褌
褋芯写械褉卸懈屑芯械"
iruz	褋械谐芯写薪褟
kabrun	褉芯褋褌
kalu	胁芯蟹写褍褏
kalu	胁芯蟹写褍褕薪褘泄
kamhan	芯褕懈斜邪褌褜褋褟
kamhanu	"芯褕懈斜芯褔薪褘泄
芯褕懈斜邪褞褖懈泄褋褟"
kamhon	芯褕懈斜泻邪
kampil	胁械褉褏
kampo	"胁胁械褉褏褍
薪邪胁械褉褏褍"
"kampo
akkampo"	"薪邪胁械褉褏
胁胁械褉褏"
kantuy	"锌芯锌邪
卸芯锌邪"
kapit	"锌褉邪胁写邪
懈褋褌懈薪邪"
kapitan	"谐芯胁芯褉懈褌褜 锌褉邪胁写褍
锌芯褋褌褍锌邪褌褜 锌褉邪胁懈谢褜薪芯"
kapito	胁械褉薪芯
kapitu	"锌褉邪胁写懈胁褘泄
懈褋褌懈薪薪褘泄"
kawos	谐芯谢芯胁邪
kawran	褉邪褋褌懈
kawranu	褉邪褋褌褍褖懈泄
kcil	褕褍褉褍锌
kesto	谢械褋
kestuu	谢械褋薪懈泻
khaan	胁懈写械褌褜
khaanun	胁懈写械薪懈械
khakran	谐褉褘蟹褌褜
khamek	褍褉邪谐邪薪
khami	胁械褌械褉
khamigi	芯泻薪芯
khamigin	芯泻薪邪
khan	泻邪泻
khananna	"褋胁芯写 蟹邪泻芯薪芯胁
泻芯薪褋褌懈褌褍褑懈褟"
khankha	胁芯褉芯薪邪
khanun	蟹邪泻芯薪
khar	泻邪屑械薪褜
kharew	泻懈褉锌懈褔
kharewan	"泻谢邪褋褌褜 泻懈褉锌懈褔懈
褋褌褉芯懈褌褜 懈蟹 泻邪屑薪褟"
kharewanna	"泻懈褉锌懈褔薪邪褟 泻谢邪写泻邪
蟹写邪薪懈械 懈蟹 泻懈褉锌懈褔邪
褋褌械薪邪 懈蟹 泻懈褉锌懈褔邪"
kharos	褋泻邪谢邪
kharu	泻邪屑械薪薪褘泄
kharuu	泻邪屑械薪褖懈泻
khe	褔褌芯
khem	泻邪泻芯泄-褌芯
khepe	褔褌芯斜褘
kheth	泻褍写邪
khetho	谐写械
khetu	谢褍薪邪
khetunu	谢褍薪薪褘泄
kho	泻褌芯
kho	泻芯谐写邪
khor	谐芯褉邪
khor-e-naara	胁褍谢泻邪薪
khu	泻邪泻芯泄
khu	泻芯褌芯褉褘泄
kiwula	褋谢邪斜芯褋褌褜
kiwulu	褋谢邪斜褘泄
kou	5
koucis	50
kowku	泻褍泻褍褕泻邪
krepla	写械褉械胁芯
kreplu	写械褉械胁褟薪薪褘泄
krup	褔褌芯-褌芯
ksar	褍写邪褉
ksaran	斜懈褌褜
ksarant	斜懈褌褘泄 锌芯斜懈褌褘泄
ksaril	写褉邪泻邪
ksaruu	"写褉邪褔褍薪
薪邪锌邪写邪褞褖懈泄"
kugu	斜械谢褘泄
kumnen	锌芯泻芯谢械薪懈褟
kumnon	锌芯泻芯谢械薪懈械
kumnonna	锌芯泻芯谢械薪懈褟
lalan	褋锌邪褌褜
lalanu	褋锌褟褖懈泄
lalil	褋芯薪
lalilem	褋芯薪 (芯褌写械谢褜薪褘泄 褎懈谢褜屑)
lalileman	写褉械屑邪褌褜
lalilu	褋芯薪薪褘泄 (芯褌薪芯褋褟褖懈泄褋褟 泻芯 褋薪褍)
lalu	褋芯薪薪褘泄 (泻芯谐写邪 褏芯褔械褌褋褟 褋锌邪褌褜)
lalun	褋锌邪薪懈械
landu	谐芯谢褍斜芯泄
laran	屑芯褔褜
lebit	屑芯谢芯泻芯
lebitu	屑芯谢芯褔薪褘泄
lebrex	写褉械胁薪芯褋褌褜
lebrexu	写褉械胁薪懈泄
lem	4
lemcis	40
libiru	褋褌邪褉褘泄
lipish	褋械褉写褑械
Lirbant	写懈谢褜屑褍薪 斜褘胁褕
lokhan	锌懈褋邪褌褜
lokhannox	"锌懈褕褍褖邪褟 屑邪褕懈薪泻邪
蟹邪锌懈褋褘胁邪褌械谢褜"
lokhil	泻薪懈谐邪
lokhox	"褉褍褔泻邪
褋褌懈谢褍褋"
lokhun	"锌懈褋邪薪懈械
薪邪锌懈褋邪薪懈械"
"lokhunen
lokhunanna"	锌懈褋邪薪懈褟
lokhuu	锌懈褋邪褌械谢褜
loran	谐芯胁芯褉懈褌褜
lorant	褋泻邪蟹邪薪薪褘泄
loranu	谐芯胁芯褉褟褖懈泄
luys	褋胁械褌
luysan	褋胁械褌懈褌褜
luysant	芯褋胁械褖械薪薪褘泄
luysu	褋胁械褌谢褘泄
manu	"卸械谢褌褘泄
卸褢谢褌褘泄"
manucampa	褌褍泻邪薪
"mare
mar茅"	锌邪褉械薪褜
"mawaka
mawka"	谐芯写
maya	胁芯写邪
mayanna	芯泻械邪薪
mayos	屑芯褉械
"mayun
m谩yun"	卸懈卸泻邪
men	2
men muypek	2000000
men muypon	2000
men satem	200
mencis	20
mencis det	21
mencis men	22
mewa	褋屑械褉褌褜
mewan	褍屑懈褉邪褌褜
mewant	"褍屑械褉褕懈泄
屑械褉褌胁褘泄"
mewanu	褍屑懈褉邪褞褖懈泄
mewu	褋屑械褉褌械谢褜薪褘泄
mewuu	褋屑械褉褌薪褘泄
"mis
mise"	褌芯谢褜泻芯
mo	斜械蟹谢. (one)
mo 	褋械斜褟
mola	褋谢芯胁芯
momoko	斜芯谢芯褌芯
mondel	泻褉褍谐
mondelu	胁芯泻褉褍谐
moyna	泻褍褉懈褑邪
mu 	褋
muchomna e	褋 锌芯屑芯褖褜褞
muutha	褋械胁械褉
muypek	1000000
muypon	1000
mwezi	屑械褋褟褑
mwiran	褋屑芯褌褉械褌褜
naara	芯谐芯薪褜
naaran	锌芯写卸懈谐邪褌褜
naaru	芯谐薪械薪薪褘泄
naarukhor	胁褍谢泻邪薪
Nam-ush	"薪邪屑-褍褕 斜褘胁褕
斜芯谐懈薪褟 蟹懈屑褘"
nax贸	芯褔械薪褜
ne	褝褌芯
nel煤	褋懈薪懈泄
nelus	褋懈薪懈褑邪
nen	褝褌懈
neret	褋褌械褉胁褟褌薪懈泻
nu	薪械
numewuu	斜械褋褋屑械褉褌薪褘泄
nun	薪械褌
nup	9
nupcis	90
nushan	锌懈褌褜
nushant	胁褘锌懈褌褘泄
nushanu	锌褜褞褖懈泄
"nushem
nushus"	锌懈胁芯
nushil	薪邪锌懈褌芯泻
nushun	"锌懈褌褜械
锌懈褌褜褢"
nushun	褉邪褋锌懈褌懈械
nyota	蟹胁械蟹写邪
nyotu	"蟹胁褢蟹写薪褘泄
蟹胁械蟹写薪褘泄"
omexta	褋屑械褋褜
omextan	"屑械褕邪褌褜
褋屑械褕懈胁邪褌褜"
omextant	褋屑械褕邪薪薪褘泄
omextant	褋屑械褕邪薪薪褘泄
omextanu	屑械褕邪褞褖懈泄
ordak	褍褌泻邪
oreo	谐谢褍斜芯泻芯
oreu	谐谢褍斜芯泻懈泄
oxaro	锌芯-写褉褍谐芯屑褍
oxaru	写褉褍谐芯泄
"oxlaba
贸xlaba"	褏谢械斜
par	"褌胁芯褉懈褌械谢褜薪褘泄 锌邪写械卸
by"
Parim	"锌邪褉懈屑 斜褘胁褕
斜芯谐 芯褋械薪懈"
pe	斜褘
petan	褋芯蟹写邪胁邪褌褜
petuu	褋芯蟹写邪褌械谢褜
phaaga	"褟蟹褘泻
褉械褔褜
谐芯胁芯褉械薪懈械"
phaepi	屑械褔
"phashar e demur
sharedemur
hepet e demur
petedemur
pedemur"	褉邪泄褋泻邪褟 锌褌懈褑邪
"phashara
phashar
hepet"	锌褌懈褑邪
"phashem
phasharem
hepetem"	锌褌懈褔泻邪
phat	锌褍褌褜
phatan	写褍褌褜
phenos	胁褉邪谐
phirgos	斜邪褕薪褟
pholos	谢懈褑芯
po	薪邪
prak	写械薪褜谐懈
prakos	斜芯谐邪褌褋褌胁芯
prakosuu	斜芯谐邪褔
pranan	"锌褉芯褖邪褌褜
锌褉芯褋褌懈褌褜"
pranun	锌褉芯褖械薪懈械
pripan	写胁懈谐邪褌褜
"pripanox
pripox
pripuu (械褋谢懈 褔械谢芯胁械泻)"	写胁懈谐邪褌械谢褜
pripedonap	褌褉褟褋芯谐褍蟹泻邪
prunk	褕褍屑
prunkan	褕褍屑械褌褜
prunku	褕褍屑薪褘泄
"psaha
psah"	褍泻褍褋
psahan	泻褍褋邪褌褜
"psahox
psox"	"褔械谢褞褋褌懈
泻褍褋邪谢邪"
rawono	屑械卸写褍
ron	屑械卸
rox	懈薪褋褌褉褍屑械薪褌
royondan	"褉邪褋褌懈褌褜
胁褘褉邪褖懈胁邪褌褜"
royondant	胁褘褉邪褖械薪薪褘泄
royondanu	胁褘褉邪褖懈胁邪械屑褘泄
roz谩	锌芯褋褌
rozan	锌芯褋褌懈褌褜褋褟
ruan	卸懈褌褜
"ruil
ruel
rul
rel"	"卸懈蟹薪褜 (邪斜褋褌褉邪泻褌薪芯)
斜懈芯褋褎械褉邪
褟胁谢械薪懈械 卸懈蟹薪懈
卸懈蟹薪械薪薪芯褋褌褜"
ruun	"卸懈蟹薪褜 泻芯薪泻褉械褌薪芯谐芯 褔械谢芯胁械泻邪
胁褉械屑褟 卸懈蟹薪懈"
rux	写褍褏
ruz	写械薪褜
ruz煤	写薪械胁薪芯泄
sasanu	泻褉邪褋薪褘泄
sasmet	泻芯薪褜
sasmetan	械蟹写懈褌褜 薪邪 泻芯薪械
sasmetun	锌芯械蟹写泻邪 薪邪 泻芯薪械
sasmetuu	薪邪械蟹写薪懈泻
satem	100
se 	褌芯
sehet	锌芯谢械
sekh	6
sekhcis	60
sen 	褌械
serxan	谐芯褌芯胁懈褌褜
serxan (xordil)	谐芯褌芯胁懈褌褜 械写褍
serxan mo	谐芯褌芯胁懈褌褜褋褟
shaar	"褕邪褉
褋褎械褉邪"
shaarus	屑褟褔
shamda	褍斜懈泄褋褌胁芯
shamdan	褍斜懈胁邪褌褜
shamdox	芯褉褍卸懈械
shamdun	褍斜懈胁邪薪懈械
shamduu	褍斜懈泄褑邪
shaw	斜芯谐
shawen	斜芯谐懈
Shenbar	楔械薪斜邪褉
shewet	褌械薪褜
shewetu	褌械薪械胁芯泄
shnuxda	褋薪械谐
shomor	胁芯褉芯斜械泄
shoya	胁械褖褜
shraen	褏褉邪屑
shukar	写胁械褉褜
"shukarus
shukarem"	写胁械褉褑邪
"shurup
shurupa"	褋胁褟褌芯褋褌褜
shurupetho	"褋胁褟褌芯械 屑械褋褌芯
褏褉邪屑"
shurupu	"褋胁褟褌芯泄
褋胁褟褖械薪薪褘泄"
sinku	蟹械谢械薪褘泄
so	褌芯谐写邪
sokhan	屑芯谢褔邪褌褜
sokhant	"褍屑芯谢泻薪褍胁褕懈泄
蟹邪屑芯谢褔邪胁褕懈泄"
sokhanu	屑芯谢褔邪褖懈泄
sokh贸	褌懈褏芯
sokh煤	褌懈褏懈泄
sokhun	褌懈褕懈薪邪
sokhuu	"屑芯谢褔褍薪
薪械屑芯泄"
soll煤	屑褟谐泻懈泄
"sonun
sonuun"	谢邪褋褌芯褔泻邪
sorud	蟹胁褍泻
sorudanna	"褋懈屑褎芯薪懈褟
屑褍蟹褘泻邪谢褜薪芯械 锌褉芯懈蟹胁械写械薪懈械"
sorudegistan	"写械谢邪褌褜 屑褍蟹褘泻褍
懈谐褉邪褌褜 屑褍蟹褘泻褍"
sorudegisto	屑褍蟹褘泻邪
sorudegisto	屑褍蟹褘泻邪谢褜薪芯
sorudegistuu	屑褍蟹褘泻邪薪褌
sowrama	锌邪胁谢懈薪
srugethan	斜谢械胁邪褌褜
swar	胁芯锌褉芯褋
swaran	褋锌褉邪褕懈胁邪褌褜
tabala	斜邪褉邪斜邪薪
thamra	"褎褉褍泻褌
锌谢芯写"
thamran	锌谢芯写懈褌褜
thamre	锌谢芯写褘
than	写邪胁邪褌褜
thant	"写邪薪薪褘泄
写邪薪薪芯械"
thanu	写邪褞褖懈泄
thena	褏芯谢芯写
thenu	褏芯谢芯写薪褘泄
thok	褉邪斜芯褌邪
thoketho	"褉邪斜芯褌邪 (屑械褋褌芯)
褉邪斜芯褔械械 屑械褋褌芯"
thokuu	褉邪斜芯褔懈泄
thowta	卸懈褉
thowtu	卸懈褉薪褘泄
tonur	锌械褔褜
tonuran	锌械褔褜
tuma	写谢懈薪邪
tuman	写谢懈褌褜褋褟
tumu	写谢懈薪薪褘泄
tumucampa	锌械谢懈泻邪薪
umswar	芯褌胁械褌
umswaran	芯褌胁械褔邪褌褜
umun	屑邪褌褜
un	芯薪懈
une	"懈褏 (褉芯写懈褌械谢褜薪褘泄 锌邪写械卸)
懈褏 (胁懈薪懈褌械谢褜薪褘泄 锌邪写械卸)"
un茅	"芯薪邪
懈褏"
un煤	芯薪
urush	胁芯泄薪邪
urushan	胁芯械胁邪褌褜
urushant	蟹邪胁芯械胁邪薪薪褘泄
urushu	胁芯械薪薪褘泄
urushuu	胁芯懈薪
ush	8
ushcis	80
uskhan	芯锌褍褋褌芯褕邪褌褜
uskhant	芯锌褍褋褌芯褕械薪薪褘泄
uskhi	锌褍褋褌芯褌邪
uskhi	0
uskhu	锌褍褋褌芯泄
uskhun	芯锌褍褋褌芯褕械薪懈械
uskhuu	芯锌褍褋褌芯褕懈褌械谢褜
uuskhiba	"锌褍褋褌芯械 屑械褋褌芯
泻芯褋屑芯褋"
uuskhibashaar	锌谢邪薪械褌邪
uwina	薪械斜芯
uwinu	薪械斜械褋薪褘泄
wakti	胁褉械屑褟
waktinu	胁褉械屑褟薪薪芯泄
waktu	胁褉械屑械薪薪褘泄
wanwan?	斜褞谢褜斜褞谢褜
warsan	"锌褉械写褍锌褉械卸写邪褌褜
斜褍写懈褌褜
锌褉械写芯褋褌械褉械谐邪褌褜"
warsun	"锌褉械写芯褋褌械褉械卸械薪懈械
锌褉械写褍锌褉械卸写械薪懈械"
warsuu	锌械褌褍褏
ways	褑胁械褌芯泻
waysan	"褉邪褋褑胁械褌邪褌褜
褑胁械褋褌懈"
waysun	褑胁械褌械薪懈械
weben	褉邪薪邪
webnan	褉邪薪懈褌褜
webnant	褉邪薪械薪褘泄
wenes	薪芯褋
Xatlu	褋褍褖械褋褌胁芯
"xone
xon茅"	写芯屑
"xon茅 e phashar
phasharxon茅
hepetxon茅"	谐薪械蟹写芯
xonen	写芯屑邪
xonshaw	褏褉邪屑
xordan	"泻褍褕邪褌褜
械褋褌褜"
xordant	"褋褗械写械薪薪褘泄
褋泻褍褕邪薪薪褘泄"
xordanu	泻褍褕邪褞褖懈泄
xordil	械写邪
xordilek	写械谢懈泻邪褌械褋
xordilem	泻芯褉屑
xordileman	泻芯褉屑懈褌褜
xordilemant	胁褋泻芯褉屑谢械薪薪褘泄
xordilemanu	泻芯褉屑褟褖懈泄
xordilemun	泻芯褉屑谢械薪懈械
xordilemuu	泻芯褉屑懈谢械褑
xordun	锌褉懈械屑 锌懈褖懈
xwas	褕械褟
zamin	蟹械屑谢褟
zankha	邪写
ze	褌褘
zen	胁褘
zenep	泻褉芯胁褜
zenepu	泻褉芯胁褟薪芯泄
zenpanu	泻褉芯胁邪胁褘泄
zep	7
zepcis	70
zepha	褋懈写械薪褜械
zephan	褋懈写械褌褜
zephun	褋懈写械薪懈械
zeyxan	褌泻邪褌褜
zeyxus	褌泻邪褔懈泻
zoglan	胁褋褌褉械褔邪褌褜
zoglan (mo)	胁褋褌褉械褔邪褌褜褋褟
zoglun	胁褋褌褉械褔邪
zohan	胁械褉懈褌褜
zowka	薪褍卸写邪
zowkan	薪褍卸写邪褌褜褋褟
zowkanu	薪褍卸写邪褞褖懈泄褋褟
zowk煤	"薪褍卸薪褘泄
胁邪卸薪褘泄
薪械芯斜褏芯写懈屑褘泄"
zul	斜褘泻
Zurrush	"斜褘胁褕 袥褍谐邪谢
斜芯谐 谢械褌邪"
zwala	褞谐
	"斜芯泻
褋褌芯褉芯薪邪"
	"胁械谢懈褔懈薪邪
褉邪蟹屑械褉"
	"胁懈写
芯斜褉邪蟹
褌懈锌"
	胁薪懈蟹
	胁薪懈蟹褍
	胁锌械褉械写
	胁褋褢
	胁褋械谐写邪
	谐褉芯屑泻懈泄
	谐褉芯屑泻芯
	谐褉芯屑泻芯褋褌褜
	写械谢邪褌褜
	蟹邪写
	谢褍褔褕械
	薪懈蟹
	芯褋褌邪薪芯胁泻邪 (邪斜褋褌褉邪泻褌薪芯)
	"褌邪泄薪邪
褋械泻褉械褌"
	懈蟹胁械褋褌褜
	泻褉褘褕邪
	锌芯褋褌褉芯械薪薪褘泄
	"锌褉芯褑械褋褋 泻谢邪写泻懈 泻懈褉锌懈褔邪
褋褌褉芯懈褌械谢褜褋褌胁芯"
	泻邪褎械
	褋褍写 (蟹写邪薪懈械)
	褋锌邪谢褜薪褟
	褋褌褉芯懈褌褜
	"屑械褋褌芯 锌褉芯懈褋褕械褋褌胁懈褟
锌芯谢械 斜懈褌胁褘"
	屑械褋褌芯 褍斜懈泄褋褌胁邪
	屑芯褖褜
	褉邪蟹褉褍褕邪褌褜
	褉邪蟹褉褍褕邪褞褖懈泄
	褉邪蟹褉褍褕械薪懈械
	褉邪蟹褉褍褕械薪薪褘泄
	"褑邪褉邪锌懈薪邪
褋谢邪斜褘泄 褍写邪褉"
	胁蟹褟褌懈械
	胁械褔械褉
	胁褔械褉邪
	写芯卸懈写邪褌褜褋褟
	蟹邪胁褌褉邪
	蟹邪泻邪薪褔懈胁邪褌褜
	蟹邪泻芯薪褔械薪薪褘泄
	泻芯薪械褑
	薪邪褋褌芯褟褖械械 (胁褉械屑褟)
	薪邪褋褌芯褟褖懈泄 (胁褉械屑褟)
	薪邪褔邪谢芯
	薪邪褔懈薪邪薪懈械
	薪邪褔懈薪邪褌褜
	薪邪褔懈薪邪褞褖懈泄
	褋械泄褔邪褋
	写械谢邪褌褜 褋谢邪写泻懈屑
	锌邪谢泻邪-屑械褕邪谢泻邪
	锌芯写褋谢邪褋褌懈褌械谢褜 (胁械褖械褋褌胁芯)
	"锌芯写褋谢邪褖械薪懈械
褍褋谢邪褖械薪懈械"
	锌芯懈谢泻邪
	褋谢邪写泻懈泄
	"褋谢邪写芯褋褌懈
"
	"褋谢邪写芯褋褌褜
泻芯薪褎械褌邪"
	"褋屑械褕懈胁邪薪懈械
锌褉懈谐芯褌芯胁谢械薪懈械 锌懈褖懈 懈谢懈 薪邪锌懈褌泻芯胁
锌褉懈谐芯褌芯胁谢械薪懈械 谢械泻邪褉褋褌胁"
	泻邪斜邪泻
	"泻邪斜邪泻
锌懈胁芯胁邪褉薪褟"
	胁邪褉懈褌褜 锌懈胁芯
	泻芯薪写懈褌械褉
	锌芯胁邪褉
	褋褑械薪邪
	"褌邪薪械褑 (胁懈写 懈褋泻褍褋褋褌胁邪)
褌邪薪褑械胁邪薪懈械"
	褌邪薪械褑 (泻芯薪泻褉械褌薪褘泄 泻芯屑锌谢械泻褋 写胁懈卸械薪懈泄)
	褌邪薪褑械胁邪褌褜
	褌邪薪褑芯褉
	褌邪薪褑锌芯谢
	褋褌懈褏
	写邪胁谢械薪懈械
	"谢械泻褑懈褟
褔褌械薪懈褟"
	"薪邪褏芯写泻邪
芯褌泻褉褘褌懈械 褔械谐芯-谢 薪芯胁芯谐芯"
	锌芯薪懈屑邪薪懈械
	锌芯薪懈屑邪褌褜
	锌芯薪懈屑邪褞褖懈泄
	褍屑
	褎邪泻褌
	懈褋褋谢械写芯胁邪薪懈械
	斜邪薪泻
	写褉褍卸械谢褞斜薪褘泄
	写褉褍卸械褋褌胁械薪薪褘泄
	"锌芯褋械谢械薪懈械
写械褉械胁薪褟"
	褉邪褋褋械谢械薪懈械
	褋写械谢泻邪
	"褋械谢懈褌褜褋褟
褉邪褋褋械谢褟褌褜褋褟"
	"薪邪褉芯写
谢褞写懈"
	锌褉邪胁芯 (泻邪泻 胁芯 褎褉邪蟹械 懈屑械褌褜 锌褉邪胁芯)
	褉邪褋褋谢械写芯胁邪薪懈械
	"谢懈褔薪芯褋褌褜
锌械褉褋芯薪邪"
	褉芯写懈薪邪
	斜褉械胁薪芯
	胁械褋薪邪
	"胁械褌泻邪
胁械褌胁褜"
	写芯褋泻邪
	蟹邪褟褑
	蟹懈屑邪
	泻胁邪泻邪褌褜
	泻胁邪泻褍褕泻邪
	泻芯褌
	谢械褌芯
	谢懈褋邪
	谢褟谐褍褕泻邪
	屑褘褕褜
	薪芯褉邪
	芯褋械薪褜
	褉邪蟹屑薪芯卸邪褌褜褋褟
	褉邪蟹屑薪芯卸械薪懈械
	褋械屑褟
	褋屑芯谢邪
	褍褌褉芯
	卸邪胁芯褉芯薪芯泻
	锌械薪芯褔泻邪
	褋械褟褌褜
	屑械薪褟褌褜
	芯褌泻褉褘胁邪褌褜
	胁芯蟹胁褉邪褖邪褌褜褋褟
	屑械褋褌芯 写谢褟 邪泻褌懈胁薪芯谐芯 褌褍褉懈蟹屑邪, 泻械屑锌懈薪谐
	锌邪褉泻 褉邪蟹胁谢械褔械薪懈泄
	锌褍褌械褕械褋褌胁械薪薪懈泻
	锌褍褌械褕械褋褌胁懈械
	锌褍褌械褕械褋褌胁懈械 泻邪泻 芯褌写械谢褜薪邪褟 胁械褖褜
	锌褍褌械褕械褋褌胁懈械 泻邪泻 锌褉芯褑械褋褋 锌褍褌械褕械褋褌胁懈褟
	锌褍褌械褕械褋褌胁芯胁邪褌褜
	锌褉懈褏芯写懈褌褜
	褉邪胁薪懈薪邪
	胁械褉邪 (邪斜褋褌褉邪泻褌薪芯械)
	胁械褉褍褖褞褖懈泄
	胁械褉褍褖褞褖懈泄
	"写械谢邪褌褜 褋胁褟褌褘屑
芯褋胁褟褖邪褌褜"
	写褍褏芯胁薪褘械 锌褉邪泻褌懈泻懈
	卸懈蟹薪械薪薪邪褟 褝薪械褉谐懈褟
	"芯褋胁褟褌懈褌械谢褜
褋胁褟褖械薪薪懈泻
褝泻蟹芯褉褑懈褋褌"
	芯褋胁褟褖械薪懈械
	锌褉芯褉芯泻
	"锌褉芯褑械褋褋 胁械褉褘
胁械褉械薪懈械"
	褉械谢懈谐懈褟
	褋褍械胁械褉懈械
	薪邪写械卸写邪
	斜褉邪褌
	写芯褔褜
	褋械屑褜褟
	"泻谢邪薪
褉芯写芯褋谢芯胁薪邪褟"
	锌芯褑械谢褍泄
	褉械斜械薪芯泻
	褉芯写懈褌械谢褜
	褉芯写懈褌械谢懈
	褋械屑褜褟
	褋械褋褌褉邪
	褋褘薪
	胁芯蟹谢褞斜谢械薪薪褘泄
	"锌褉芯褑械褋褋 谢褞斜胁懈
锌褉芯褑械褋褋 锌褉懈薪褟褌懈褟"
	"斜械谐
锌褉芯斜械卸泻邪
写芯谐芯薪褟谢泻懈"
	斜械谐褍薪
	斜械卸邪褌褜
	"谐芯薪泻邪
斜械谐邪"
	懈谐褉邪
	"褋泻邪泻邪谢泻邪
斜邪褌褍褌"
	褋泻邪褔泻懈
	懈谐褉邪褌褜
	谐褍斜邪
	写械谢邪褌褜 锌褉懈褔械褋泻褍
	蟹写芯褉芯胁褘泄
	蟹写芯褉芯胁褜械
	泻褉懈泻
	泻褉懈褔邪褌褜
	薪懈蟹泻懈泄
	锌褉芯褑械褋褋 褋芯蟹写邪薪懈褟 锌褉懈褔械褋泻懈
	"褋谢褍褏
褋谢褍褕邪薪懈械
褋谢褘褕邪薪懈械"
	"褋谢褘褕邪褌褜
褋谢褍褕邪褌褜"
	褍褏芯
	"锌褉芯胁芯蟹谐谢邪褕邪褌褜
胁械褖邪褌褜
蟹邪褋褌邪胁谢褟褌褜 褋谢褘褕邪褌褜"
	锌褉褘谐邪褌褜
	锌褉褘谐褍薪
	锌褉褘卸芯泻
	"锌褉褘卸芯泻
锌褉褘谐邪薪懈械"
	谐褉芯屑泻芯谐芯胁芯褉懈褌械谢褜 (懈薪褋褌褉褍屑械薪褌)
	谐褉褍蟹褔懈泻
	写褉芯胁芯褋械泻
	锌邪褉懈泻屑邪褏械褉
	锌懈谢邪
	锌懈谢械薪懈械
	锌懈谢懈褌褜
	"锌懈谢褜褖懈泻
锌谢芯褌薪懈泻
"
	锌褘谢械褋芯褋
	褋褌褉芯懈褌械谢褜
	褋褌褉芯泄泻邪
	褋褌褉芯褟褖懈泄
	褋褌褉芯褟褖懈泄褋褟
	锌懈胁芯胁邪褉械薪懈械
	泻邪褕褌邪薪芯胁褘泄 褑胁械褌
	芯褉邪薪卸械胁褘泄
	褋械褉褘泄
	褎懈芯谢械褌芯胁褘泄
	胁蟹褟褌泻邪
	"泻褍锌谢械薪薪褘泄 锌褉芯写褍泻褌
褌芯胁邪褉"
	"屑邪谐邪蟹懈薪
褉褘薪芯泻"
	锌芯泻褍锌邪褌械谢褜
	锌芯泻褍锌邪褌褜
	"锌芯泻褍锌泻邪
锌芯泻褍锌邪薪懈械"
	锌褉芯写邪胁邪褌褜
	锌褉芯写邪胁械褑
	锌褉芯写邪卸邪
	"锌褉芯写邪褌褜
胁锌邪褉懈褌褜"
	芯斜薪懈屑邪褌褜 (褋褟)
	芯斜褜褟褌懈械
	"锌芯卸邪谢褍泄褋褌邪
锌褉芯褕褍"
	"锌褉懈薪懈屑邪褞褖懈泄
谢褞斜褟褖懈泄"
	锌褉芯褖邪薪懈械
	褋褔邪褋褌谢懈胁褔懈泻
	褋褔邪褋褌谢懈胁褘泄
	褋褔邪褋褌褜械
	褏芯褌械褌褜
	写褉褍谐
	谢褞斜懈褌褜
	谢褞斜芯胁褜
	褑械谢芯胁邪褌褜(褋褟)
	蟹邪褋褌邪胁谢褟褌褜 锌懈褋邪褌褜
	"锌芯褔械褉泻褍褕泻邪
褉芯褋锌懈褋褜
泻芯褉芯褌泻懈泄 褉邪褋褋泻邪蟹"
	锌褉芯褋懈褌褜
	锌褉芯褋褜斜邪
	褋锌褉邪褕懈胁邪薪懈械
	泻薪懈谐邪


	斜械蟹
	"斜谢邪谐芯
褍谢褍褔褕械薪懈械"
	斜芯谢械械
	斜褉邪褌褜
	胁写胁芯褢屑
	胁械褖邪薪懈械
	胁蟹褟褌褘泄
	胁屑械褋褌芯
	胁薪褍褌褉懈
	胁芯褌
	胁锌褟褌械褉芯屑
	"胁褋械
泻邪卸写褘泄 (褔械谢芯胁械泻)"
	胁褌褉芯械屑
	胁褏芯写懈褌褜
	胁褔械褌胁械褉芯屑
	胁褘褏芯写懈褌褜
	"谐邪褋懈褌褜
褌褍褕懈褌褜"
	谐谢邪褕邪褌邪泄
	"谐芯褉械谢褘泄
卸卸械薪褘泄
芯斜芯卸卸械薪褘泄"
	写邪胁懈谢泻邪
	写邪胁懈褌褜
	写胁懈谐邪褌褜褋褟
	写芯斜褘褔邪
	写芯谢卸械薪
	写芯褋褌懈谐邪褌械谢褜
	"写芯褋褌懈卸械薪懈械
锌芯写胁懈谐"
	械褋谢懈
	卸写邪褌褜
	"卸械褔褜
芯斜卸械褔褜"
	蟹邪泻芯谢泻邪 写谢褟 胁芯谢芯褋
	"蟹邪褋褌邪胁谢褟褌褜 泻芯谐芯-褌芯 斜械卸邪褌褜
锌褉械褋谢械写芯胁邪褌褜
谐薪邪褌褜褋褟
芯褏芯褌懈褌褜褋褟"
	蟹胁褍褔邪褌褜
	蟹写械褋褜
	懈蟹屑械薪械薪懈械
	懈谢懈
	泻邪卸写褘泄
	泻芯褉芯褌泻懈泄
	"泻褉褘褌褜
薪邪泻褉褘胁邪褌褜"
	谢邪写薪芯
	谢邪蟹邪薪懈械
	谢械胁芯
	屑械薪褜褕械
	屑懈屑芯
	屑芯谢褔邪薪懈械
	薪邪蟹邪写
	薪邪泄褌懈
	"薪邪谢械胁芯
胁谢械胁芯"
	"薪邪锌褉邪胁芯
胁锌褉邪胁芯"
	薪邪褋褌芯褟褖懈泄
	薪懈褔褌芯
	"薪芯褋懈褌褜
薪械褋褌懈"
	"薪芯褕邪
谐褉褍蟹"
	薪芯褕械薪懈械
	芯
	芯斜薪芯胁谢褟褌褜
	芯卸懈写邪薪懈械
	芯薪芯
	芯褋褌邪薪邪胁谢懈胁邪薪懈械
	芯褋褌邪薪邪胁谢懈胁邪褌褜
	芯褋褌邪薪邪胁谢懈胁邪褌褜褋褟
	"芯褏芯褌邪
锌褉械褋谢械写芯胁邪薪懈械"
	锌械褉械写
	锌芯
	锌芯胁芯写 写谢褟 褋褔邪褋褌褜褟
	"锌芯胁褉械卸写械薪薪褘泄
"
	"锌芯谐邪褕械薪薪褘泄
锌芯褌褍褕械薪薪褘泄"
	锌芯泻褉褘褌懈械
	"锌芯屑械褖邪褌褜
褋褌邪胁懈褌褜"
	"锌芯褋褌邪薪芯胁泻邪
锌褉芯褑械褋褋 褋褌邪胁泻懈 褔械谐芯-褌芯"
	"锌芯褌芯屑褍
锌芯褝褌芯屑褍"
	锌芯褔械屑褍
	"锌褉邪胁懈谢褜薪褘泄
褉芯胁薪褘泄"
	锌褉懈胁械褌褋褌胁懈械
	褉邪蟹屑薪芯卸邪褌褜
	褉邪褋泻褉褘胁邪褌褜
	褉邪褋锌懈谢
	褋邪屑
	褋邪屑褘泄
	褋胁械卸械褋褌褜
	褋胁懈写械褌械谢褜褋褌胁芯
	褋胁懈写械褌械谢褜褋褌胁芯胁邪薪懈械
	褋胁懈写械褌械谢褜褋褌胁芯胁邪褌褜
	褋薪芯褌胁芯褉薪芯械
	"褋褌邪薪芯胁懈褌褜褋褟
褋褌邪褌褜
写芯褋褌懈褔褜"
	褋褌邪薪芯胁谢械薪懈械
	褋褌芯泄泻邪
	褋褌芯褉芯薪邪
	"褋褌芯褟薪懈械
褋褌芯泄泻邪"
	"褋褌芯褟薪泻邪
芯褋褌邪薪芯胁泻邪 褌褉邪薪褋锌芯褉褌邪"
	褋褌芯褟褌褜
	褋褌褍泻
	褋褌褍褔邪褌褜
	褌邪泻
	褌邪泻 卸械
	褌邪泻芯泄
	褌邪泻芯泄 卸械
	褌邪屑
	褌械
	褌芯
	褌褍褌
	褍
	褍胁械谢懈褔懈胁邪褌褜
	褍屑械薪褜褕邪褌褜
	褍屑械薪褜褕械薪懈械
	褔械谢芯胁械褔薪芯褋褌褜
	褔械屑
	褔械褉械蟹
	褕邪谐 泻邪泻 屑械褉邪 写谢懈薪褘

























































